,gender,age,height,weight,marital_status,education,income
0,0,30,158.63560134226802,47.99926852748779,not married,high,1
1,0,60,156.594755739944,45.777659575831606,married,elementary,1
2,1,50,172.702879908924,62.6530229158653,married,univ,1
3,0,50,154.178599757856,43.8877028774368,married,high,2
4,1,40,178.385816045353,66.23931444921061,married,middle,1
5,1,20,177.548258460633,64.2243529106205,married,univ,3
6,1,30,173.20499624459802,61.441490067020595,not married,univ,2
7,0,50,161.58532774271401,51.3825911847962,not married,middle,2
8,1,50,174.53994834774502,65.162226111045,not married,univ,3
9,0,20,161.725363685478,53.43071415837339,not married,high,2
10,1,40,174.335260336375,66.8060655664832,not married,high,2
11,0,30,158.132602894445,48.3709113715322,not married,middle,1
12,1,40,179.841532356561,70.7001253861667,married,high,2
13,0,40,153.810193368168,42.4930515331286,married,high,2
14,1,30,166.489164203283,55.845212339403496,not married,univ,3
15,0,40,156.314370214895,45.79625096755779,married,univ,2
16,1,50,177.737513412802,68.36426358747599,married,univ,3
17,0,70,150.250757930488,40.897515252245604,married,high,2
18,0,30,161.59972796849,51.2965779752991,married,univ,2
20,1,30,182.81408497568,68.23979583603129,married,middle,2
21,0,50,156.9661742431,45.721635988774395,married,univ,2
22,1,40,166.75333134963998,59.980817335152395,not married,high,3
23,0,20,161.349015138201,49.74313003113621,not married,high,2
24,0,30,162.38129017592502,52.5472498247152,not married,middle,2
25,1,20,175.174243422992,64.1092650216706,married,univ,2
26,1,20,174.713156046704,63.24947604442221,not married,high,3
27,1,70,168.443183429441,61.2516362974928,married,univ,3
28,1,50,171.444534945163,60.937510224061604,married,univ,3
30,0,40,156.588463662095,47.549416947786,married,univ,2
31,0,70,150.42942087907102,40.8498192412432,married,middle,1
32,0,50,157.33308850835598,46.415419103426196,married,univ,2
33,0,20,159.97023713247802,48.7910600110452,not married,univ,3
34,0,30,162.146242423394,51.2562553482323,not married,high,3
35,0,50,156.683492080849,45.86311667132279,married,high,1
36,0,30,159.513867969152,49.387039833855,married,univ,2
37,0,50,151.72042135916598,41.8170880236952,married,high,3
38,1,60,181.372891982947,73.539445434558,married,univ,2
39,1,70,169.43814216369802,63.002541340746795,married,middle,2
40,1,30,175.57294825990502,67.2841804107084,not married,univ,3
41,0,40,158.372334185704,48.600518117989104,married,univ,2
42,1,50,169.180429157704,58.4243841081055,married,high,2
43,1,20,175.366207511978,68.1119874917856,not married,univ,3
44,0,40,156.17590111756599,45.8081096190979,married,high,2
45,1,20,177.530097664565,70.5779511958536,married,univ,3
46,1,30,175.87856781392102,67.74300441735821,not married,univ,3
47,1,50,167.24510682457398,53.078151492420304,married,univ,2
48,0,60,161.614615592181,51.82444408098289,married,univ,2
50,0,40,157.508224135798,47.895102314232794,married,univ,3
51,0,20,158.621088818282,50.021234237505105,not married,univ,3
52,0,30,154.495759653118,43.6683647887241,not married,univ,2
53,1,40,172.690123498532,60.5360870637501,married,high,3
54,1,20,173.40074740227402,66.0673374860915,married,high,3
55,1,30,180.697944956339,71.69809850728959,not married,univ,3
56,1,40,169.67774616912598,59.16804544139,married,high,2
57,1,60,163.41259100387302,55.841064144585104,married,univ,2
58,0,20,156.188443760682,46.5926323085481,not married,high,3
59,1,50,168.850359275088,59.849634219901894,not married,univ,2
60,0,20,155.843495295969,47.109574180423294,not married,middle,1
61,0,30,157.94122009226498,46.64195530121739,married,univ,3
62,1,40,169.678229466276,58.47029788062039,married,high,3
63,1,20,173.11011338066,63.1079964785361,not married,univ,3
64,0,30,165.33967687963698,56.171120397608696,married,univ,3
65,0,40,152.863789934739,42.5847558267001,not married,univ,3
66,0,30,159.887616731506,50.0617308299606,married,univ,2
67,0,40,157.55799232862898,48.63078452246079,married,univ,1
68,1,50,166.100776385924,57.2429630780495,married,univ,1
69,1,50,172.63143613978698,60.5850833017325,married,high,2
70,1,50,170.154161503689,61.0210675856888,not married,univ,2
71,0,40,156.186803978201,46.534262974683294,not married,univ,3
72,1,20,179.55971551684,68.39276232916221,married,univ,2
73,0,30,157.736637308089,48.6432127421027,not married,high,2
74,1,20,175.789628399972,66.5607564690573,not married,high,1
75,0,70,155.49966510399202,44.9891563524805,married,univ,1
76,1,50,174.804441897829,64.2145663648808,married,univ,2
77,0,20,156.107932026547,46.6908914594792,not married,univ,2
78,0,60,155.967735553078,45.037848124216296,married,high,2
79,0,60,154.513516462216,45.419947063393096,married,high,1
80,0,50,160.574695669486,49.4924454596277,married,high,1
81,1,70,174.395712617729,66.0364661890531,married,middle,3
82,1,50,162.656731867518,49.1978081626528,married,univ,3
83,0,30,155.96770507448798,45.7329848215226,not married,univ,3
84,1,50,169.612307203845,57.2454657646471,married,univ,3
85,0,20,156.894921123357,45.8086116436921,not married,univ,3
86,1,70,180.399858117957,72.4090290996073,married,univ,3
87,1,30,171.29364710008198,62.2489478629684,not married,high,2
88,0,40,154.538914290587,44.108103930577,married,univ,1
89,0,20,162.315842039164,50.6911664180088,not married,elementary,1
90,0,40,160.560652902201,50.668042347512,married,high,1
91,1,30,175.06925541399102,66.9275009731783,not married,high,3
92,0,40,152.583623532567,44.8933581692502,married,high,3
93,0,50,149.96608176664802,39.104227016965396,married,high,2
94,0,30,155.01474995986,44.28320321476521,married,middle,1
95,1,60,173.400141453941,61.59065209825721,married,univ,3
96,0,50,155.034358095728,45.6599398970829,not married,univ,3
97,0,30,153.074579438598,43.19801925165999,not married,middle,2
98,0,40,156.72185100336,45.612390037695,married,univ,3
100,0,70,157.78828998805798,46.92741109776521,married,middle,1
101,0,50,151.29650525672702,42.3884652741265,married,high,2
102,0,30,154.350633984823,44.378561794884796,not married,high,3
103,0,50,152.966055047996,45.1624064070333,not married,high,2
104,0,50,154.517155423094,43.3581078870951,married,middle,1
105,0,30,152.40510919482202,42.646294487800205,not married,univ,3
106,1,60,173.062054956587,61.721392332815,married,high,2
107,0,50,155.385144398771,44.88879672171121,not married,univ,3
108,1,20,165.303721194418,56.2223718011349,not married,univ,3
109,0,40,155.030139575936,42.7976827466639,married,high,1
110,1,60,169.163847640636,57.3545039076805,married,high,1
111,0,20,149.557662525718,37.6914515768972,not married,high,1
112,1,20,180.03980324857798,67.3840745613517,not married,high,2
113,1,50,168.734212257584,56.696147562978,married,middle,1
114,1,40,172.83820059196603,61.0716282921105,married,univ,3
115,0,20,158.521592662729,49.44145086705,not married,univ,3
116,0,30,153.133726916572,44.759144498587595,not married,univ,3
117,0,40,157.808078312368,46.1581189196307,married,univ,2
118,1,40,173.550333934314,65.4553720312254,married,elementary,1
119,1,30,172.91982079541302,63.0480502630549,married,univ,2
120,0,20,156.08944534566402,45.8504589066508,not married,univ,2
121,0,60,153.649603287014,43.234879976395504,married,univ,3
122,1,20,176.016369402653,64.0370898412543,married,univ,3
123,0,30,153.536348311424,43.715234458684904,not married,univ,2
124,1,30,180.53329301595102,70.7172509280612,not married,univ,2
125,1,30,172.153845773938,63.00872169693729,not married,high,3
126,1,40,180.825596103626,70.9017476889757,married,univ,3
127,1,20,174.831572003371,66.51663280107991,not married,univ,2
128,0,40,150.401632415357,41.0184505180355,not married,univ,3
129,0,50,156.910539767333,47.648798112154,married,univ,3
130,0,50,153.379929318122,44.5050377580884,married,univ,2
131,1,50,163.035905494938,53.581892265352295,married,univ,3
132,0,40,157.112285758926,45.4794365947169,married,univ,3
133,0,40,153.188413384688,44.348687394827095,not married,univ,3
134,0,50,155.568774540128,43.177497339805,married,elementary,1
135,1,40,169.63497971601,59.8967024520701,married,univ,3
136,0,60,154.060149646834,44.517954844235604,not married,high,1
137,1,30,170.59234729260402,62.818777419792006,not married,univ,3
138,1,30,166.40978443161998,57.484883323349706,married,univ,3
139,0,40,157.957559517841,48.1842244889818,married,univ,1
140,0,50,159.108798223423,49.0427446132041,married,high,2
141,0,30,154.513905118043,45.109336188634,not married,elementary,2
142,0,40,153.899845402088,43.3807844268553,married,univ,2
143,0,70,156.02887321206498,46.6495582477542,married,univ,3
144,1,70,170.946070481133,62.443602556810106,married,high,2
145,0,40,160.56395917523997,48.9075827387889,married,univ,3
146,0,50,149.967639697745,39.3508770065729,married,univ,3
147,1,70,169.564983108684,59.000233090794,married,high,3
148,1,40,177.027010804626,68.5135277221721,not married,univ,3
149,0,20,163.381110952425,53.124418438076106,not married,high,3
150,0,50,158.47444877182102,47.82315505838861,married,univ,3
151,0,20,154.99317838922101,45.5296419434313,not married,middle,3
152,0,30,156.674792473556,45.9618504314439,married,middle,2
153,0,60,153.563398509249,43.4172803719938,married,middle,2
154,0,40,161.370789755146,51.35610815689979,married,high,1
155,1,20,172.578909427288,64.7569004114482,married,high,1
156,0,70,162.74942082841298,53.792703575576105,married,middle,2
157,0,60,151.990035857258,41.5988469560371,married,elementary,1
158,1,20,176.28137351672402,65.0082048047168,not married,univ,1
159,0,20,158.867536092416,49.2032907755845,married,univ,3
160,0,30,156.89768642120399,44.4992175711765,not married,univ,3
161,0,20,156.359767400075,45.9045966626778,not married,univ,3
162,1,50,172.584902145061,59.24650336869411,not married,univ,3
163,0,30,154.04047730279498,43.828689749419205,married,high,2
164,1,40,178.577462437704,69.93542388792599,married,univ,2
165,0,20,151.437058851592,40.93801014461771,not married,univ,3
166,0,50,155.218156785159,46.2822362507267,married,high,3
167,0,60,157.584163668554,48.0307904909583,not married,high,2
168,0,60,156.316870553511,47.2786040368501,married,high,2
169,0,40,148.969903280148,39.37747383025211,married,high,3
170,1,30,179.12366714737098,72.06684369109409,not married,univ,3
171,1,20,178.212269585129,68.74393510298721,not married,univ,3
172,0,20,153.325825092843,43.0045616336928,not married,univ,3
173,0,40,160.29097112691602,49.609598847814894,married,univ,2
174,1,50,167.23433671695298,55.2726186512815,married,high,1
175,1,40,173.659213464506,62.415656767073,married,univ,3
176,0,50,158.820806092629,49.1485609379271,married,univ,2
177,1,40,178.360143245407,71.433225878683,married,univ,2
178,0,20,159.455853806052,50.3573921677019,not married,univ,3
179,0,70,154.82931616515498,45.499694204799496,married,univ,1
180,0,20,159.64263680127502,48.2674217801844,not married,middle,1
181,0,20,155.945436832351,45.5303253607133,not married,elementary,1
182,0,50,154.991892205445,45.026982176622106,married,univ,3
183,1,70,175.521271948502,68.0784434998106,married,high,3
184,1,70,177.044346712454,68.6411040487593,married,univ,1
185,1,30,172.63171710563802,63.6360026751881,married,univ,3
186,1,50,171.837232017481,63.76705777831221,married,high,2
187,1,70,172.70223107715302,61.56218555509211,married,univ,3
188,0,20,158.42332443411001,47.1857241841815,married,univ,2
189,1,40,171.584651841256,61.58714564266911,married,middle,2
190,0,40,158.336188295097,48.876467381031595,not married,univ,2
191,0,60,152.927663284662,43.403260940357,married,high,2
192,0,40,150.59375356305299,42.183570478766704,married,univ,3
193,1,50,173.95542551188097,62.3367750010307,married,middle,2
194,1,40,174.702173288138,64.3894306023274,married,middle,2
195,0,40,152.89656610612602,43.61452540990089,married,middle,1
196,1,30,176.269077140479,63.528844951390106,not married,univ,3
197,0,70,156.201894988364,46.5096092155245,married,middle,2
198,0,40,158.571461069788,47.571211163033894,married,middle,2
199,0,60,158.860973502765,47.54519416549189,married,high,3
200,0,50,160.04977745991698,49.7522478517175,married,univ,3
201,0,40,155.052241904739,42.94511929107421,married,high,1
202,0,20,154.613258557485,44.8295399015578,not married,univ,3
203,1,30,172.147530014424,61.9080836299635,not married,high,2
204,0,50,158.322707168675,46.7299538822624,not married,univ,3
205,0,30,152.21842483991898,42.76987955044971,not married,univ,3
206,1,70,170.0330716306,58.7979720038295,married,univ,2
207,0,50,152.666853768272,44.158280871477004,married,high,1
208,1,50,176.549667439994,66.583384231867,married,high,2
209,1,70,172.067396559437,61.5234972340672,married,high,2
210,1,60,168.47729076251002,54.539028801585296,married,univ,3
211,1,30,178.430305803654,69.1374833809128,not married,univ,2
212,0,30,159.931986331257,48.196464496385005,married,univ,1
213,1,50,173.51888577292198,65.4326347247295,married,high,1
214,1,50,177.19168509275602,69.3820810888311,married,high,2
215,1,50,177.874421364911,64.4197463933026,married,high,2
216,1,30,172.914590527343,63.9292011655669,not married,high,1
217,1,40,171.108512414283,60.042942084650704,married,univ,3
218,0,30,153.846568512997,47.07626537213321,not married,univ,3
219,0,20,157.758982946097,48.1338412718508,not married,univ,3
220,0,30,154.13145406409902,45.0928924077434,not married,univ,1
221,1,20,180.80687722243098,70.6769683520842,not married,univ,2
222,0,50,161.703872010035,52.75725817391871,married,univ,2
223,1,50,179.796008517822,72.1484974766926,not married,high,2
224,1,40,178.016903594089,68.3469551687566,married,high,2
225,1,60,171.320957028727,61.3785488700523,married,univ,3
226,0,20,156.375168266264,46.934266660552204,not married,high,2
227,1,30,167.36038652450898,60.934493764847005,not married,high,1
228,1,30,171.090807913395,62.6663289911092,not married,elementary,1
229,1,40,176.868275766211,68.54138305395131,married,high,2
230,0,50,160.15290682231898,50.1285073456365,not married,univ,2
231,0,30,157.433356922736,48.7110969362289,not married,univ,2
232,0,30,159.31068403757098,49.668066682661,married,univ,2
233,0,50,159.119773846961,48.893862121912605,married,high,1
234,0,60,159.253147698333,49.991359698824304,married,univ,2
235,0,70,157.351378567403,47.4147883878396,married,univ,2
236,0,60,151.42002857466298,42.5953498024926,married,middle,2
237,0,50,155.066370669926,44.7754320790116,not married,high,2
238,0,40,150.968061964781,38.936175135728995,not married,univ,3
239,1,30,167.874971769349,56.5758208154321,not married,high,3
240,1,30,175.083640960543,65.9335732160417,not married,univ,2
241,1,40,165.655490622766,58.222390088804104,married,high,2
242,0,50,156.03137524403098,46.36920776691029,married,univ,2
243,0,50,159.061175549005,48.7730299870251,married,high,3
244,1,30,174.17777667192402,60.8882643622451,not married,univ,3
245,0,50,153.135190738841,42.2392794645231,married,univ,3
246,1,50,175.933568295951,65.461249656842,not married,univ,3
247,1,20,171.33778202785498,63.4720568742687,not married,univ,1
248,1,70,171.103900956665,60.5658112464958,married,univ,1
249,0,60,163.747779985032,53.5730209765338,married,univ,2
250,1,40,169.929603615051,59.28533449393029,married,middle,2
251,0,40,152.106322813969,42.211168297565706,married,univ,2
252,1,50,175.67667433747798,64.2695258082349,married,univ,3
253,0,30,161.682129367374,52.6501785676983,not married,univ,3
254,1,30,165.716708955688,55.31359085381,not married,univ,3
255,0,60,163.418435200586,54.29217922385511,married,univ,1
256,0,50,161.648539350648,51.4042814440235,married,univ,3
257,0,70,155.905725612054,46.018937445067394,married,univ,2
258,0,20,155.434494160425,45.5447072692229,not married,univ,3
259,0,20,161.78785193014798,50.907275097473004,married,high,2
260,1,30,173.574915033627,64.1611308418405,not married,high,3
261,0,70,155.757558807952,47.589396181777495,married,elementary,2
262,0,50,154.75180159929,43.7233651557324,not married,univ,2
263,0,30,160.007531264184,50.143150222481005,not married,high,3
264,0,60,159.65590954809,51.2543298294983,married,univ,2
265,0,30,151.254845743312,42.751394466343704,not married,high,2
266,0,40,158.738932087747,48.9085805290294,married,elementary,1
267,1,60,170.094836236689,59.025911623566294,married,univ,3
268,0,70,154.74462212182,44.0038777285114,married,univ,3
269,0,30,156.560428263893,45.31690692796229,married,univ,2
270,0,40,157.540747057974,47.9791516713805,married,middle,2
271,0,70,154.623281271098,46.61682060694329,married,high,3
272,1,50,178.82206054334202,69.760900814996,not married,univ,2
273,0,70,158.612809925662,48.5067830796295,married,high,1
274,0,40,160.88370382962,49.8980592178876,married,high,2
275,0,50,157.857315291098,49.5521215967926,married,high,1
276,1,30,181.138077006089,73.556340667268,not married,high,2
277,0,50,155.798923315193,47.6051854683689,not married,high,2
278,1,20,177.19250530506,66.5837478163151,married,high,2
279,1,70,173.86601666292,63.717862906940795,married,univ,3
280,0,40,154.48642980174,43.165368825465606,married,univ,2
281,1,50,170.756227714978,59.14942028214439,married,high,2
282,0,40,158.05835608241802,46.9176758566632,married,univ,2
283,1,70,171.429344413862,58.9728770991323,married,high,2
284,0,20,158.727567449766,50.097267173415204,not married,univ,1
285,1,50,174.32107599021998,63.1323822930316,married,univ,3
286,0,60,154.130272444326,42.94907254974321,married,high,3
287,0,30,156.994703572762,46.0653552403286,not married,middle,2
288,0,30,154.88125868101298,45.837992334071394,not married,univ,1
289,0,40,149.938882450944,41.2672608303937,not married,high,1
290,0,50,154.414163201712,43.2248386879424,married,high,1
291,1,20,170.619667045234,64.5228079434173,married,univ,3
292,1,50,167.4627696354,57.80866965432261,married,univ,2
293,0,20,154.88589394777,44.69804977150821,not married,univ,3
294,1,30,167.833192878386,59.480471673128605,not married,middle,1
295,1,30,178.694427178942,70.81651244913259,not married,univ,2
296,1,70,162.93202392998998,52.22531559850161,married,univ,2
297,0,30,154.580387141638,42.4362438541575,married,univ,3
298,0,60,155.571865145176,46.041794969613704,married,univ,2
299,1,70,170.232012145588,58.531269220485605,married,high,2
300,1,50,179.004963431495,69.2877170684949,not married,high,2
301,0,40,156.02708061130198,45.85401565048821,married,middle,2
302,1,70,179.973372779699,67.0511569411906,married,high,2
303,0,30,157.012150936166,45.6365026436026,not married,univ,2
304,0,50,159.504989131691,50.9964024798578,not married,high,2
305,1,60,173.930600168142,64.0753489049299,married,univ,3
306,0,40,159.41664761814,49.626335521450606,married,high,2
307,1,30,168.721535575431,55.8729453890637,not married,univ,2
308,0,50,153.853121810748,43.905220264213895,not married,high,3
309,0,70,158.355100122593,47.8889751690322,married,high,3
310,1,60,174.96336140858799,63.80531631018601,married,univ,3
311,1,20,175.34654507870098,61.841128480855396,married,middle,2
312,0,30,152.840321675582,41.6778722630159,not married,univ,3
313,0,20,152.979511853405,42.570472014207,not married,univ,2
314,0,20,157.208766716374,46.85043268834679,not married,univ,3
315,1,40,168.94244869871,58.1898256576779,married,univ,3
316,0,40,159.368165953823,50.7756496667404,married,univ,3
317,0,50,157.557428105874,48.6358354294526,married,univ,3
318,1,40,172.895808966212,63.7858267807109,married,univ,3
319,0,50,154.741404973685,43.589649430949,married,univ,3
320,1,20,176.48751988159302,70.99348531622029,not married,middle,2
321,0,40,161.5594245608,50.1294736907173,married,univ,3
322,1,30,171.96188545825802,62.275480831239605,not married,univ,3
323,0,70,155.852131193896,45.6526585490924,married,univ,3
324,1,30,177.68279078373502,67.6028316178051,married,univ,2
325,1,30,172.34664687574502,65.2939510128527,not married,middle,2
326,1,20,179.855442315759,67.001349414556,not married,middle,2
327,1,40,173.712855745418,65.062663911073,married,univ,2
328,0,40,156.814547664404,46.948248337044404,married,univ,2
329,1,50,164.072462525547,50.7051220845442,not married,univ,3
330,1,40,175.507553293899,67.5546384229598,married,high,2
331,0,40,158.435037195176,47.59973835838429,not married,univ,3
332,0,40,155.743416056038,46.274515008217605,married,univ,2
333,1,50,163.957311064022,55.8432239884671,not married,middle,3
334,0,30,156.888240657486,47.532162489591705,not married,high,3
335,0,30,156.23242538493,46.0601401071278,married,middle,1
336,1,40,169.04740102594602,53.9604648529988,married,univ,3
337,1,50,178.338536300943,69.7671514469111,not married,univ,3
338,0,40,161.934641942757,51.881529905735,married,univ,2
339,0,50,154.005052000707,44.1272771931215,married,univ,3
340,1,60,172.684339588107,63.9058837509738,married,high,2
341,0,30,160.11066708161601,52.2537130431659,not married,high,1
342,1,20,168.534608290266,59.436651654896096,married,univ,3
343,1,30,175.331034849096,65.9851674250945,not married,high,2
344,1,40,178.15655145654,68.6347033852894,married,middle,2
345,1,40,168.90615177188,59.06890689288879,married,high,2
346,0,50,155.029602735009,43.5108137769987,not married,middle,3
347,1,50,176.08193936710097,67.09187542190621,not married,univ,3
348,0,30,152.677874717535,43.6662120055929,married,high,2
349,1,70,173.29985795525002,62.025606518750706,married,univ,2
350,0,30,152.384350800323,44.03269110233621,not married,high,1
351,0,40,159.959683600205,50.90044822974811,married,high,2
352,0,20,152.880176653679,44.0717693528943,not married,univ,3
353,1,50,168.415747663768,59.8605903643956,married,univ,3
354,0,20,161.269987334083,53.0438164166191,not married,univ,3
355,1,70,174.308921784969,64.6211763914066,married,middle,3
356,1,30,168.426063427679,56.508581282365704,not married,high,2
357,0,20,160.21204517344998,50.04827034859979,not married,univ,3
358,0,40,154.800420995218,45.5958784477261,not married,middle,3
359,1,30,172.21767237518998,61.4796861402431,not married,univ,2
360,0,30,160.513236814315,49.703619099785605,not married,elementary,2
361,1,30,178.747016326319,67.1820219144629,not married,univ,3
362,0,20,154.481931601457,43.59080295844029,not married,univ,3
363,0,50,159.45600374506,50.0978837439024,married,univ,2
364,1,30,174.318960091812,63.36823619425321,not married,univ,3
365,0,20,163.25706952129698,53.829717214665095,married,middle,1
366,0,40,154.98751857498002,46.9925716144674,married,high,2
367,0,60,160.818828780502,52.320629997862504,married,high,2
368,1,50,163.387636522289,51.300026965639105,not married,univ,3
369,0,40,155.215891872632,44.66834886414001,married,middle,1
370,1,60,174.30463519821498,63.961083660274895,married,high,2
371,0,70,154.718684680996,44.6918571719451,married,univ,1
372,0,60,154.635250374648,43.8600082075975,married,middle,1
373,1,30,170.096127015551,60.48583163879379,not married,univ,2
374,0,40,158.216081524795,49.9715378850841,married,elementary,1
375,1,40,175.26319836629298,68.1407201085284,married,univ,3
376,0,30,161.484623691146,52.5062226991418,not married,middle,2
377,0,40,154.088012359953,41.672793801854894,not married,high,2
378,1,70,162.99569939884302,50.7852636891199,married,univ,3
379,1,40,172.829701292196,64.5748881930448,married,high,2
380,0,60,154.452829229917,44.6894065071144,married,univ,3
381,0,30,160.262138584497,49.903271645596895,not married,univ,3
382,0,40,154.131558452772,45.348381578469294,married,middle,1
383,0,30,162.961900348861,53.8006516743246,not married,univ,3
384,1,60,173.577360106549,66.4978109619403,married,univ,3
385,1,20,174.65149707413602,67.3653076207252,married,high,3
386,0,50,155.395249649801,47.2609209941258,married,high,2
387,0,30,160.82859034745002,50.785660585698004,not married,high,1
388,1,20,176.188759143871,69.06984566025561,married,high,1
389,0,20,157.31095544504498,47.8686125888789,not married,univ,3
390,0,70,159.644142567378,48.767406794707,married,univ,3
391,0,20,160.675915133882,51.748131816853295,married,high,2
392,1,20,176.726532717448,66.1045730227448,not married,high,2
393,0,40,153.337055242336,44.152681104154205,married,high,2
394,1,20,173.713188667835,62.594098323502706,not married,univ,2
395,0,70,157.589774533964,47.6179458923018,married,elementary,1
396,0,60,160.065210437526,49.73428559850229,married,high,2
397,1,30,172.10171988019698,62.6922487342729,not married,high,2
398,0,40,153.403815338061,44.7982789499634,married,high,2
399,1,30,176.445403353107,67.8893482882512,married,high,1
400,0,50,152.819190939669,42.5082663483025,not married,univ,3
401,1,40,172.837249497687,64.55848611693389,not married,univ,3
402,1,50,172.139028310327,64.8435874383871,married,univ,1
403,0,40,158.34475668059602,47.107236141890105,married,univ,3
404,1,30,179.67176953443902,67.91423575114621,not married,univ,3
405,0,30,157.928530973965,50.3543203022088,not married,elementary,2
406,1,40,169.350573129998,61.643392336689,married,middle,3
407,0,70,158.965623734203,48.7063019059737,married,univ,3
408,0,40,162.467358755183,53.1321236102158,married,univ,3
409,1,20,174.525846005658,63.087863781481104,not married,univ,1
410,1,40,172.30086621747898,66.21403461611361,not married,high,1
411,1,50,176.77365744425,67.7432291811062,married,high,3
412,1,20,168.848944186866,59.3216496944837,not married,univ,3
413,1,50,171.666127924711,60.963508621273,married,univ,2
414,1,70,180.441440164985,69.5221344439463,married,high,2
415,0,30,155.15322078927,45.226915302399206,not married,univ,3
416,0,30,159.607958892608,47.701149255222205,not married,univ,3
417,1,30,175.80928919843998,67.0610943480165,married,univ,2
418,1,60,174.674136930859,68.56057372632871,married,high,2
419,1,40,172.60845181285598,63.2294999787786,married,univ,3
420,0,30,154.006532489227,43.1251094138225,not married,high,2
421,1,30,173.068587430583,65.088595051267,not married,univ,3
422,0,60,160.865658345708,50.3586203648314,married,univ,2
423,0,40,159.615498113671,49.169068772656296,not married,elementary,1
424,0,30,154.149929002268,44.401700112353105,not married,high,2
425,0,40,161.684476890306,50.333063543018596,married,univ,3
426,1,20,168.781362913192,55.7697316003587,not married,univ,3
427,0,60,157.125919333718,45.23406921671571,married,elementary,1
428,0,50,157.541634513844,46.8500859960781,married,univ,3
429,1,20,173.800047032029,59.472185631146296,not married,univ,3
430,1,40,178.92716130447,72.2334579954991,not married,univ,2
431,1,40,176.773596481191,67.45167364206661,married,univ,3
432,1,40,178.350136155854,69.508431588685,married,univ,3
433,0,50,154.821759478591,43.3100348751377,married,univ,2
434,0,40,164.579693903993,55.3027391541776,married,univ,3
435,0,40,162.99596765719602,51.168062112265794,married,univ,3
436,0,30,157.35891714178499,49.264632968195706,not married,univ,3
437,0,60,153.728787007638,43.6113287293513,married,univ,1
438,1,70,172.657037530844,63.7786219606623,married,middle,3
439,0,50,158.406116408574,50.0747677022527,married,univ,3
440,0,30,160.438653653004,51.4677749945681,not married,elementary,3
441,1,50,170.724062754819,58.467761413005505,married,univ,3
442,1,40,175.65467623133802,65.3718988627555,married,univ,2
443,1,70,173.572754434519,62.199186542198,married,high,2
444,1,40,175.022120356533,65.8978357874501,married,univ,2
445,0,70,149.42998022533502,38.706883713909505,married,univ,3
446,0,20,156.252119850464,46.73669010783011,married,univ,2
447,1,30,167.38720088676,55.498535208519996,not married,middle,2
448,0,40,162.312988338458,53.480924283552,married,middle,2
449,1,40,167.302963285012,60.397914366451396,married,elementary,3
450,0,70,151.13796891935,42.8758105877086,not married,middle,2
451,1,40,181.85512969942698,70.1291644931551,married,high,1
452,0,30,163.962746132447,54.2818114636394,married,high,1
453,0,30,156.99061919655,46.07838199436979,not married,univ,3
454,1,20,169.934974156246,58.147563623631896,not married,high,2
455,0,30,153.84073979166402,42.43313966181871,not married,high,1
456,1,50,169.240701048653,59.2766175981937,married,high,2
457,0,30,158.233474279093,49.3970789210294,not married,univ,2
458,1,70,174.36949426389802,66.5643880353106,married,high,1
459,1,40,164.889817446243,55.1427419909693,married,univ,1
460,1,30,167.90088997342198,56.8463872139255,not married,middle,1
461,1,50,180.693119888204,72.26309633111771,married,univ,3
462,0,20,159.256860163243,50.60182009193971,not married,univ,3
463,0,30,157.845918887881,49.2186550103359,not married,high,1
464,1,30,173.61444759183,65.7419451218145,married,high,1
465,0,60,150.23976282939,39.6359166854423,married,univ,3
466,1,40,169.40046047051,57.478643053392496,married,middle,1
467,1,50,169.238899118384,57.5647812247037,married,high,1
468,0,30,155.931618355373,46.1377161772718,not married,univ,3
469,0,20,155.251400007382,45.810007164344206,married,univ,2
470,0,20,155.427996290853,42.685696360148505,married,univ,3
471,1,30,174.43519119119998,66.2402211622967,not married,univ,2
472,1,50,173.741069446479,67.24155814548321,married,univ,3
473,0,30,156.947744232656,47.21422926399921,married,univ,3
474,1,30,175.022101064403,67.4884176701934,not married,high,1
475,0,40,158.048236526698,47.23182060298549,married,univ,1
476,1,30,174.41670904557998,62.085514557801396,not married,middle,1
477,1,40,178.461289518763,66.937008538445,married,univ,2
478,0,60,158.54533459295,48.61331098096289,married,univ,1
479,1,70,170.992061276682,58.645120738546,married,univ,2
480,0,20,157.506816556317,46.9732301633012,not married,high,2
481,0,60,152.418846249076,42.3104781738534,married,high,2
482,1,70,163.313901603112,53.6946251846241,married,middle,1
483,1,20,174.107976629101,64.4229996833231,married,univ,3
484,0,20,156.18988601661502,46.0820762352431,not married,high,2
485,0,50,159.363134444509,48.8725110108197,married,high,2
486,0,30,155.851666377031,47.206110543912004,not married,high,3
487,0,30,160.032572061094,49.994394898864606,not married,high,1
488,0,20,163.591716524789,51.3922547309649,not married,high,2
489,1,70,172.96012137258597,62.99995355415171,married,univ,2
490,1,20,179.91690719066898,65.30587119103839,not married,univ,2
491,0,20,165.19650874976102,56.4972248753233,not married,univ,3
492,0,50,154.879701941848,43.674599681161205,married,high,1
493,0,50,157.671159437016,46.8101626785295,not married,high,2
494,0,30,160.637224803414,49.607312915302295,not married,univ,2
495,0,20,166.412667817379,56.604574313509204,not married,high,1
496,1,30,168.123182589757,56.9595979632582,not married,univ,2
497,0,50,155.940011035107,44.209272872022105,married,univ,3
498,1,60,177.56702423028702,68.9865182913701,married,high,1
499,1,50,164.69154933344,55.879106268587506,married,univ,3
500,0,40,159.296237674667,49.113715866983796,married,high,3
501,0,40,160.101728290042,51.004935299303796,married,univ,3
502,1,30,167.370133109143,56.490771403607795,married,middle,1
503,0,20,153.841126895177,44.4676766605004,not married,high,2
504,0,20,156.185208245989,46.2798297495722,married,high,2
505,1,60,166.860989798478,56.33848795254811,married,middle,2
506,0,20,157.70919640350598,48.012433188112105,not married,univ,3
507,1,30,171.88411441211997,63.207351912803105,married,univ,2
508,0,30,158.597199408071,49.770536181138105,married,middle,1
509,1,30,172.27245579936698,57.4294903960829,married,univ,3
510,1,20,171.280853651375,60.452602857457705,not married,univ,2
511,0,50,159.804318905489,50.55734214407661,married,middle,2
512,1,20,175.75911316283901,66.83986159273971,not married,univ,1
513,1,50,172.55598378864,63.7686389019578,not married,univ,3
514,1,50,167.41465153207702,57.9098081748181,married,high,3
515,0,50,154.475426553848,43.679482767427594,married,high,2
516,0,30,158.467005369009,47.2300407172684,not married,elementary,1
517,1,20,177.77259654427502,69.6743858298558,not married,univ,2
518,0,30,158.224868523839,47.52795579218921,not married,elementary,1
519,1,30,173.12382928973202,63.147278446396506,married,middle,2
520,1,40,170.76061333514602,58.721238117098295,not married,univ,3
521,1,50,170.249058380946,58.262675512742994,married,univ,1
522,0,70,160.24005242549,50.9355876859797,married,univ,3
523,1,50,167.414531453176,56.127470858203296,married,middle,1
524,1,30,176.48062285201698,64.3629954634726,not married,high,2
525,1,20,176.232796306193,65.409623732396,not married,univ,3
526,1,30,172.56428700439702,60.661090918445,not married,high,1
527,0,30,157.001503867975,47.3114739886883,not married,middle,2
528,1,20,176.566452471462,67.3137975013999,not married,high,3
529,1,20,176.965267993852,67.9948365836797,married,univ,3
530,1,70,174.007545311928,68.9330213374149,married,high,2
531,0,20,153.33479142648198,42.868643312039,married,univ,3
532,0,50,160.14212045277,49.977982550971,married,high,2
533,1,20,170.990883497715,60.6221755974548,not married,high,2
534,0,30,157.50400616566003,47.9206111856717,married,univ,1
535,1,50,168.095010498619,56.305839747398004,married,high,2
536,0,50,154.08198058576,44.2326775616047,married,univ,3
537,0,40,157.74431628103702,48.3408173419668,married,univ,3
538,0,20,157.024419925255,48.03173318443271,married,univ,3
539,0,50,159.396308913025,48.3193212375626,not married,univ,3
540,1,40,173.721272256209,64.0706302764015,married,high,3
541,0,20,162.045706429548,53.4530428271482,not married,univ,3
542,1,20,174.595879147523,65.91012988401171,not married,univ,3
543,0,70,162.328768425447,53.080397496203794,married,high,1
544,0,20,154.330945616504,44.4198052861845,not married,high,2
545,1,70,172.444021056863,61.9068032207034,married,univ,2
546,0,30,159.119947837812,49.280625307204105,not married,univ,2
547,1,30,167.892333113146,61.522212946844206,married,univ,3
548,0,20,155.244543705221,44.96253598793899,not married,high,3
549,0,70,160.954130702343,50.144999412963294,married,univ,3
550,1,30,176.769716606147,64.82445665299271,not married,univ,3
551,0,70,153.99238107570102,45.581482741181404,married,univ,3
552,1,70,178.123507617737,69.126713612705,married,univ,2
553,1,50,173.74198571205602,65.6744714902327,married,univ,2
554,1,60,170.87762341163602,61.5531461472225,married,univ,2
555,0,50,161.40905030760402,52.06765641024901,married,univ,2
556,1,20,171.64554215336798,63.7431849444318,not married,univ,2
557,0,30,156.18783362,47.2794172735051,not married,univ,3
558,1,40,174.762299184657,65.5354076162358,married,high,3
559,0,60,156.03554024503902,48.663156345613295,married,high,2
560,0,70,153.085855943111,43.0371399616778,married,high,3
561,1,20,168.849245193548,58.8760491681402,not married,univ,2
562,0,60,153.08307127128901,42.509801945959296,married,high,2
563,1,30,163.680174269124,52.336527350871,not married,high,2
564,0,40,151.99230233346,42.153955186487,married,high,1
565,1,30,176.09820750723802,65.6633847937325,not married,univ,2
566,0,70,155.433352751645,44.358580041908596,married,high,2
567,1,50,175.597931905179,67.01419758472571,not married,high,1
568,1,20,178.314237681684,64.45089262137671,not married,middle,1
569,0,30,157.616762650409,46.723965843066104,not married,univ,3
570,0,20,157.543206080345,47.58445559874579,not married,univ,3
571,0,40,153.32466749411,43.7464267903683,married,elementary,1
572,1,40,172.7978074676,62.5134455846307,not married,elementary,1
573,1,30,182.734383157066,75.1902605292072,not married,univ,2
574,1,60,173.21359888402,59.870673216049205,married,univ,2
575,0,50,160.411740043606,50.82088810455271,married,univ,2
576,0,60,156.585019457604,47.831724444199,married,high,2
577,0,50,158.56252732381,48.589770298038104,married,univ,2
578,1,30,170.934479426546,57.144043647607795,not married,univ,3
579,0,70,159.335454136255,48.9999987231958,married,univ,3
580,0,40,161.172538039805,51.5481434461021,married,elementary,1
581,0,70,151.914440054437,41.6552112481383,married,univ,1
582,0,70,156.783852100405,46.7589427593612,married,univ,2
583,1,20,173.26301675781798,62.6127192169891,not married,elementary,1
584,1,50,170.727519994564,61.2193347780809,married,univ,2
585,0,20,160.743901234117,51.1904520113132,married,univ,3
586,1,60,169.04838319826598,59.00812872012921,married,univ,3
587,0,50,158.81335684408998,48.9847245460746,married,univ,2
588,0,60,156.318600003124,45.0707634454341,married,high,3
589,1,30,170.627627231865,58.98213875225329,not married,univ,2
590,1,30,172.148058081487,63.5366906714376,married,high,3
591,0,40,163.074150626718,51.7002594433231,married,elementary,1
592,0,50,163.264253295605,53.4498843652991,not married,middle,1
593,1,30,171.684907388551,60.1888803077983,not married,high,1
594,0,50,155.420681736952,45.9082810420825,not married,univ,2
595,0,50,154.952979509886,43.8008257139157,married,univ,2
596,0,60,158.147273170649,48.0820378723866,married,middle,1
597,0,30,156.479709337078,46.3495422466872,married,univ,2
598,1,50,174.01706339560502,64.5552096238274,not married,univ,3
599,0,50,153.966240548963,43.5363557697058,not married,univ,3
600,0,70,161.770510328537,51.8159700821436,married,univ,2
601,0,40,153.769028144417,43.8292857624,married,univ,1
602,1,30,173.636735270233,64.223246633967,not married,univ,3
603,0,20,159.71195548726,47.6190315897571,married,high,2
604,0,40,161.40736766490699,51.5003057918293,married,high,2
605,0,20,156.867775766942,47.6785760084141,not married,univ,3
606,0,40,157.384302671769,49.2983874270691,not married,middle,2
607,0,70,155.62493811337401,45.9404868510839,married,univ,2
608,1,20,173.336970228669,62.93862890992,not married,univ,3
609,1,60,171.90881813000098,62.0895439762866,married,middle,1
610,0,30,155.437358752269,44.2824781363233,not married,high,1
611,0,50,147.445875555702,34.7523618285865,married,univ,2
612,0,20,152.78172399612302,42.1069261507405,not married,high,1
613,1,30,175.38001437549,63.8018689579522,married,univ,3
614,1,40,172.64643309558997,63.01402519942061,married,high,3
615,0,20,159.22814343129698,48.094251659420394,not married,univ,3
616,1,20,177.75512056536098,71.84850298636609,not married,univ,1
617,0,20,154.338455320393,44.7916270546163,not married,univ,3
618,0,30,157.039932263983,46.5383310624296,married,univ,2
619,0,20,153.261015574554,42.6437057618016,not married,univ,2
620,1,60,171.10300909520902,60.969941971670295,married,middle,2
621,0,50,155.490497639196,44.3664638338618,married,univ,2
622,1,30,175.548860719786,64.5253327302362,not married,univ,3
623,1,20,182.103279691112,73.0052732675749,not married,high,2
624,0,60,156.345617000569,45.23311654575,married,elementary,1
625,0,70,160.153648320816,50.420166244435904,married,univ,3
626,1,20,175.861589234408,67.2400781921726,not married,univ,2
627,1,20,173.342048924903,64.27108724842711,not married,high,2
628,1,60,167.88277381508001,60.2543099718631,married,univ,3
629,0,40,157.112822975927,46.801069094221106,married,univ,3
630,0,20,163.192643414809,53.2507802487338,not married,high,2
631,0,30,152.550337349579,44.61357660488051,not married,univ,3
632,1,40,178.493980388051,68.70718135816149,married,univ,2
633,0,40,162.595407212037,51.753187291427004,not married,univ,3
634,0,50,164.41540674714702,54.8319649612131,married,high,1
635,0,40,158.979769718158,48.0308995731017,married,univ,3
636,0,40,158.295408470882,47.1332415399185,married,univ,3
637,1,40,170.750010510062,60.0301633053994,married,univ,3
638,1,50,166.943112987618,57.9037577239581,married,high,2
639,0,30,166.11414706447098,57.5730161106394,not married,univ,3
640,1,40,166.477176569931,58.7120464995595,not married,univ,3
641,1,30,177.25868964783797,65.4782596726749,not married,univ,3
642,0,70,156.590324219931,46.3063909373239,married,univ,3
643,1,30,169.127297896413,57.4844042998798,not married,high,2
644,1,50,173.239330401319,64.4975771927081,married,univ,2
645,0,30,157.318525770536,48.2884315438414,not married,univ,3
646,1,40,169.635679739919,59.7645580152734,married,univ,2
647,1,40,180.831562652429,70.40701633981841,married,univ,2
648,0,50,156.809221869795,47.2208324973358,married,univ,3
649,0,40,157.376812979174,47.499785890229504,married,univ,3
650,0,20,165.547176014641,56.40300591286879,not married,univ,3
651,1,50,174.66630805108002,64.2631638763023,married,middle,2
652,1,30,176.91413769272302,65.4423837143449,married,high,3
653,1,30,169.120017534423,57.330150769363,not married,middle,3
654,0,30,156.157900272593,45.67754631648211,not married,high,2
655,1,60,171.609063270747,60.39755658583489,married,elementary,1
656,1,70,183.51374985103902,72.0977981072122,married,univ,3
657,1,30,171.92553061965802,59.3367647299389,not married,univ,3
658,0,30,157.126665009443,47.0922730698172,not married,univ,3
659,1,70,173.66874720522202,61.95891252918221,married,univ,3
660,1,60,171.88544763732398,62.80118152773021,married,high,2
661,0,30,155.611382398751,46.52046413538879,not married,high,2
662,0,20,157.24906887713001,46.762424150261204,not married,high,2
663,0,50,157.292321548484,47.759311334154,married,univ,3
664,0,70,152.726183772271,42.3008440714488,married,high,1
665,0,40,155.967698572842,45.3366225085962,not married,high,2
666,0,50,156.279927414965,46.2973024862253,not married,univ,3
667,1,30,170.469318770342,60.7927807174245,not married,univ,3
668,1,40,177.349007681893,66.8212588665269,married,high,2
669,0,70,149.802368171381,40.210971392092205,not married,univ,3
670,1,60,175.09435570886902,65.2405999716416,married,univ,2
671,0,60,155.59416076160602,45.5663605675372,married,univ,2
672,0,20,160.032684019793,49.2143340577535,married,univ,1
673,1,20,174.311621860101,64.6242346671523,not married,univ,2
674,0,70,160.36930083907498,52.96688886132421,married,middle,1
675,0,70,154.496340142804,44.701988982660104,married,univ,3
676,0,20,158.16157578319098,48.012484808184794,not married,univ,1
677,1,40,167.934887680814,60.75694197640039,married,univ,3
678,1,30,167.734104464132,58.5565866758561,not married,univ,2
679,1,50,171.211591123607,61.114059496178,married,middle,1
680,0,20,158.463709690314,48.712567089044896,not married,high,1
681,1,50,177.464440553552,67.68962230986999,married,high,2
682,1,60,168.646706267506,59.3305179943937,married,high,2
683,1,40,175.92956558925,64.9399323944709,married,middle,2
684,1,30,183.360454579552,72.3368421767242,not married,univ,3
685,1,30,168.740230270435,59.4599550953121,not married,middle,1
686,1,40,179.331205141155,67.76602886075659,married,high,2
687,1,50,170.443873367078,61.323371000905105,married,high,2
688,1,30,176.68855857056198,68.4372850839279,not married,middle,2
689,0,50,157.451418239334,48.532283012888406,not married,univ,2
690,0,40,151.09337647542802,41.913837052579005,married,high,3
691,1,30,178.531444557695,69.6401701439002,not married,elementary,1
692,1,70,177.508906410227,64.85180883068189,married,univ,3
693,1,60,177.761065562174,69.9858616457897,married,univ,3
694,0,20,156.985809780529,44.857944741022905,married,high,2
695,0,20,158.507292367759,48.422670986554095,not married,univ,2
696,1,30,181.24470159347,71.19888725791449,not married,elementary,1
697,1,60,170.363420278896,61.8090892897705,married,univ,1
698,0,50,156.958509821164,47.66690150697371,married,univ,3
699,1,20,180.61118655553298,68.5636105915286,not married,high,1
700,1,40,172.84814892027302,63.2735150826391,not married,high,2
701,1,20,171.53771179286002,65.41895984245019,not married,univ,3
702,0,20,159.577728257899,46.744681705413896,not married,univ,3
703,0,40,156.479456241545,46.4996126335514,married,univ,3
704,0,50,151.672648803023,40.4600189508131,married,univ,3
705,0,20,157.451957239157,48.32741931952479,married,univ,3
706,1,20,175.047673794277,63.7885889769637,not married,high,1
707,1,50,174.78971568577802,64.8320068909537,married,univ,2
708,0,40,150.770006210698,41.280270224597395,married,univ,3
709,1,40,173.44614324247897,62.6595178950005,married,high,1
710,1,30,171.32779844911698,61.6305093112808,married,elementary,1
711,1,30,174.357969544725,62.5620217027991,not married,high,2
712,0,20,162.181889281196,53.3373424053479,not married,elementary,1
713,0,40,156.381673722513,44.550041327626104,married,univ,3
714,0,30,157.408497572798,45.4212866300307,not married,high,2
715,0,20,156.422221806082,45.2176269727917,married,univ,2
716,0,40,150.84831797613998,39.936646488308504,married,high,3
717,0,30,152.179932868187,43.9362356768608,not married,middle,2
718,1,20,166.96193363089398,56.8686398786485,not married,high,1
719,1,40,176.552831624566,69.6995493479799,married,univ,3
720,0,40,159.66148764616997,48.5952681388313,married,elementary,1
721,1,30,175.371463298307,62.390827599457104,married,high,3
722,0,50,154.655976064154,45.5143163182115,not married,elementary,1
723,1,50,173.878921362143,64.6215099071722,married,high,3
724,1,20,173.665945581706,62.73053832016021,not married,univ,2
725,0,30,158.289817755304,48.1733847245477,not married,univ,2
726,1,30,174.228994253966,68.2809670444941,not married,univ,1
727,0,30,150.88993886447201,40.7866813742085,not married,high,2
728,0,70,156.316501060224,46.33472400539829,married,univ,2
729,0,30,159.335555774484,48.874511946908704,not married,middle,1
730,0,20,154.289046660369,45.6983287986385,not married,univ,2
731,0,40,157.994120900387,49.1140651876467,married,high,3
732,1,30,171.062093956735,60.1765811327876,married,univ,2
733,0,50,156.159896864881,47.015238641449,married,high,2
734,1,40,169.181112867585,58.724537399399004,married,univ,3
735,1,30,175.30569709372298,62.97465843572821,not married,elementary,1
736,0,20,155.923426445025,44.5848488332691,not married,high,1
737,1,20,176.13482863194199,64.3880653355798,not married,univ,2
738,0,20,160.06916600039,51.0629723326189,not married,univ,3
739,1,70,165.070140709042,53.6020304465042,married,univ,3
740,0,30,155.251953062036,47.2452306352291,not married,univ,3
741,1,50,177.19023414697497,66.5274713848459,married,middle,2
742,1,60,173.988463286947,63.8016514144824,married,high,2
743,0,20,155.14187760034798,43.85964901786261,married,middle,1
744,1,30,169.799454803331,62.6855173678356,married,univ,2
745,0,40,163.043917519066,52.764327692918904,married,univ,2
746,0,20,160.689802372657,50.91346030449329,married,high,3
747,0,50,157.536062976159,48.4501931161794,married,univ,3
748,0,30,156.799192649605,48.5279817949018,not married,high,3
749,1,30,174.438507369295,65.95244592564491,not married,univ,3
750,0,20,156.866460760434,47.856416002182705,not married,univ,2
751,0,20,157.571859355654,46.4960257969761,not married,high,2
752,1,30,176.889175300275,66.4887771008618,not married,high,2
753,0,20,160.214480778797,49.279196060658705,not married,high,2
754,0,20,157.761351203046,48.75658616249989,married,univ,1
755,1,50,175.87846418293702,65.7274666149508,married,univ,2
756,1,50,169.827418189206,57.4382159871397,married,middle,3
757,0,30,158.284668139984,49.004160589853704,married,univ,2
758,1,20,174.506602809171,64.6034549479205,not married,univ,3
759,1,20,170.896441667541,63.326295053213904,married,high,2
760,0,30,161.722211978827,51.6624772138686,not married,univ,3
761,1,70,171.794713468533,61.7904570870289,married,univ,2
762,0,30,157.430866073691,48.5191464117306,not married,high,2
763,0,70,157.790197870751,48.9335513020347,married,high,2
764,1,50,169.91733907021,57.5400715418884,married,high,3
765,0,30,156.331153813541,45.723704817531605,not married,univ,2
766,0,50,159.565447726558,50.4122741739029,married,univ,3
767,0,30,159.198599037782,49.8171422648748,not married,high,2
768,0,30,151.905425575367,41.8048141421525,not married,high,2
769,0,20,160.88472783277598,50.315754510579204,not married,univ,2
770,0,30,163.394306211942,53.6198306566271,not married,high,2
771,1,40,176.89495966292702,65.3170361267702,married,univ,3
772,0,20,151.321162863213,40.762596189254204,not married,univ,2
773,0,30,154.742211859202,44.2716851425012,not married,univ,3
774,1,70,171.875515953368,60.4084024313142,not married,high,3
775,0,50,154.02337275778999,42.97137084822229,married,univ,3
776,1,20,176.920157215806,65.98897266811029,not married,high,1
777,1,30,182.275430777211,69.5877607215988,married,univ,2
778,1,40,168.29979919762502,58.0488742214723,married,univ,3
779,1,30,175.700527972399,63.8495475245051,not married,middle,2
780,1,20,179.48500071049,68.1448414002992,not married,univ,3
781,1,40,175.786971116036,64.8556982831481,married,univ,3
782,0,20,153.913373916323,43.4446962408537,not married,univ,3
783,0,50,153.385688695059,42.5806517904246,married,univ,3
784,0,20,155.77593063477,45.7008993580869,not married,middle,2
785,1,70,165.807222178903,54.1685868391996,married,high,1
786,0,50,157.325911342019,47.578180409503005,not married,univ,3
787,0,20,159.84806670092,48.9740592038565,not married,univ,3
788,1,40,176.495716366784,65.7063319613665,married,univ,3
789,1,50,175.64232029223498,63.616796481051395,married,middle,3
790,0,40,155.399266679243,45.0105680820092,not married,univ,3
791,1,30,176.737653622163,67.6935472415508,not married,middle,3
792,0,40,157.258662137447,47.911378974741204,not married,middle,3
793,1,60,172.562624270606,66.6007699429164,married,high,2
794,1,20,174.24638038339802,65.680710071592,not married,high,1
795,1,30,173.504953344354,63.659190296865205,not married,high,2
796,1,70,173.43897952794399,65.06911755155211,married,univ,2
797,0,20,154.491417361461,43.3292102537932,not married,univ,3
798,0,30,150.891462417539,41.33097821479571,married,high,1
799,0,30,156.290176694794,45.813414126757,not married,middle,2
800,0,40,153.02808661262898,42.189481835913895,married,univ,2
801,0,40,153.812239607328,44.578099996913004,married,univ,3
802,1,40,171.907560332393,62.7895161217144,not married,univ,3
803,1,50,169.855710151038,57.3782300593141,married,univ,2
804,1,20,175.624572850708,65.0091585742587,married,univ,2
805,1,20,164.671216721372,56.964998225104104,not married,univ,3
806,1,50,177.58146190864,66.7065025656926,married,univ,3
807,0,50,160.138356261216,50.69124404934399,not married,univ,3
808,1,30,181.404549526954,73.474426788736,married,middle,1
809,0,30,157.409367900066,47.7933750522079,not married,high,2
810,1,20,170.534191230091,64.6523056393426,not married,middle,1
811,1,40,180.20305637922002,71.4217081925153,not married,univ,3
812,1,70,172.90494542972303,65.25120946690541,married,univ,2
813,0,60,161.158658307468,53.355337199652396,married,high,2
814,0,20,158.735733885562,49.332788901658795,not married,univ,3
815,0,20,155.220945382818,47.6305548418009,not married,high,1
816,0,20,157.043307229047,47.784183989358205,married,univ,3
817,0,20,158.385885532403,48.1346995251341,not married,high,2
818,1,50,174.412868127212,62.3476887049775,not married,high,1
819,0,40,159.081429903544,47.6630176177307,not married,univ,3
820,0,30,158.46494669906602,48.5750814001388,not married,middle,2
821,1,70,177.327138447402,66.47631848088021,married,univ,3
822,1,40,170.044697195029,58.9389018653994,married,high,2
823,0,30,158.06056219293,48.002895250712605,not married,high,1
824,1,40,177.003727817019,67.0895801840726,married,univ,2
825,1,40,181.24888939842097,70.775065293334,married,high,2
826,0,20,163.110217458478,55.442746460333204,not married,univ,3
827,1,30,175.59494233913998,63.3813769509494,not married,high,2
828,0,30,155.061735996698,44.1550208292608,not married,univ,3
829,0,20,158.945314879508,48.1676159403505,not married,univ,3
830,0,50,148.725555948275,37.615473446676205,married,univ,2
831,0,20,162.532975499639,51.510112486633204,married,high,2
832,1,20,178.750331233505,72.80005371402099,married,high,2
833,0,50,159.45921750328,48.6452259843445,not married,univ,3
834,0,20,160.980112221975,52.1306097429347,married,univ,2
835,0,50,161.06429463711902,51.0509486804745,married,univ,3
836,0,40,155.60393579621902,45.7687809679286,married,high,2
837,0,40,154.89486797749902,44.861414281108296,not married,univ,3
838,0,60,150.75974563233498,40.9961405601032,married,high,2
839,0,20,153.27463812663999,45.0448091313799,not married,univ,2
840,0,70,156.176478828439,46.2570943210221,not married,univ,3
841,0,50,157.530981234116,47.1163755229078,married,univ,1
842,0,50,153.946531322797,45.3380884747752,married,univ,2
843,1,40,179.909044688873,70.0169210941473,not married,univ,3
844,1,50,168.655924836722,59.6303510887469,married,univ,3
845,1,20,167.863878884306,56.5510365611322,not married,univ,2
846,1,20,178.38425007101898,69.95381324856339,not married,univ,2
847,1,50,174.573304052879,65.94817455643509,married,univ,3
848,0,30,154.66959762565799,44.122237416895295,not married,univ,2
849,0,30,154.48409963528,44.469611988792494,not married,high,3
850,0,30,163.000096090353,53.60686467150639,not married,high,1
851,1,70,173.798334470183,65.67553786331911,married,univ,2
852,1,50,166.53762362381,56.68201298842771,married,univ,3
853,0,40,155.627055731331,46.4601304920911,married,univ,3
854,0,40,155.64924290337498,45.81593916311729,married,high,2
855,0,40,151.63767134979602,41.948703377056,married,high,2
856,0,50,155.557089268038,45.438325057261295,married,univ,3
857,1,20,167.790840780919,54.94710145581321,not married,univ,3
858,1,50,169.819878173662,55.8570828733397,married,univ,1
859,1,50,175.629993109709,68.3953957676764,married,univ,3
860,0,40,155.180615291464,44.3755358690809,married,univ,2
861,0,60,150.322627054862,39.97633554619029,married,univ,3
862,1,50,167.983070209144,61.84049842942861,married,high,1
863,1,20,167.02408646695102,54.1606572218209,married,univ,3
864,1,40,172.729447080863,63.662823558228105,married,univ,2
865,1,60,177.814424553191,67.1248087884117,married,middle,1
866,0,50,155.289432372602,44.19752512704921,married,univ,3
867,0,60,151.784356754616,42.8221814213034,married,middle,3
868,0,40,161.82202669134898,51.0764907090317,married,univ,2
869,0,20,150.918014575642,41.088415742864704,not married,univ,1
870,1,40,178.702924933843,68.96032545751879,married,univ,3
871,1,20,168.809360650922,58.0720965979866,not married,high,3
872,0,30,160.398459549063,50.810727722604504,not married,univ,2
873,0,30,156.279109223162,46.3955854217739,not married,univ,2
874,0,50,154.875997818203,44.311100918426106,married,univ,3
875,0,60,157.551003040629,47.4439264340201,married,elementary,3
876,1,20,175.735307168897,67.2064613231859,not married,middle,3
877,0,40,159.676604132589,48.7808233650615,married,univ,3
878,1,30,171.43578431573,62.905952739787,not married,univ,1
879,0,50,159.13178319390101,49.436081335999404,married,univ,3
880,1,40,175.26049668891702,66.70017157592521,married,univ,3
881,0,50,157.070533917752,46.6189931635077,not married,high,1
882,1,40,175.022249814744,63.4626300505797,married,univ,3
883,0,70,158.741206485812,48.5261855160024,married,high,1
884,0,30,155.913872629736,46.97610618794889,not married,univ,3
885,0,40,152.675939564368,43.157234733385295,married,high,2
886,1,30,171.271678234245,59.689760825897395,not married,univ,2
887,0,30,157.581275717819,48.302923143359095,married,elementary,1
888,1,40,178.70335698481202,65.56929321365021,married,univ,3
889,1,40,178.581847018501,70.19153050737721,married,univ,3
890,1,50,176.047868933575,64.0473411154471,married,middle,1
891,0,40,154.90631742262198,43.3481037546436,not married,elementary,1
892,0,40,156.69380845347402,46.4060707609437,not married,univ,2
893,1,50,171.286591731611,63.589324300068206,married,univ,1
894,0,20,160.139882774856,49.601121294082795,married,high,3
895,0,40,157.405962529383,46.7015005337864,married,high,2
896,0,30,157.287337443871,46.890799006848404,not married,elementary,3
897,1,60,164.569779922142,55.046192448070094,married,high,3
898,0,50,158.05227930898099,46.428121575734394,not married,univ,1
899,1,20,165.609246868989,56.78035109494311,not married,elementary,1
900,1,40,173.643165620608,64.7814718779055,married,univ,3
901,0,30,151.795999626483,41.641627233293,married,univ,2
902,1,50,172.552920130452,59.7685315670175,married,high,3
903,1,40,178.346226382451,66.4065940629743,married,elementary,1
904,0,50,159.407643905443,48.534680837195104,not married,univ,3
905,0,30,153.20841824388,43.03889969029179,married,high,2
906,1,30,174.13680536178,66.2904227216524,not married,high,2
907,0,50,153.506760678203,43.5660544936694,married,high,2
908,1,20,172.27511147293202,61.5494449591889,not married,univ,3
909,1,50,177.24759236715698,66.6008032455929,married,univ,2
910,1,60,165.568769526714,56.816121534143804,married,univ,3
911,0,70,152.993295525458,41.13954774855571,married,elementary,1
912,1,40,176.134970180215,64.8167504240176,married,high,1
913,1,20,174.400437021332,65.6856971856838,not married,univ,3
914,0,30,156.354322186142,46.5123625508154,not married,high,2
915,0,20,153.01838927399598,40.0229850580739,not married,univ,3
916,1,50,178.35885822867002,69.2013980756513,married,high,1
917,0,40,157.626086116098,46.9738869086991,married,univ,2
918,0,40,148.489713591348,40.508621150638106,married,univ,3
919,0,70,154.10610165383002,43.0756762567471,married,univ,3
920,0,60,153.923190223161,44.357899068195,married,high,1
921,1,50,169.362257112392,59.1318615652174,not married,univ,2
922,1,50,175.206529688035,64.534488847069,married,univ,2
923,0,40,149.830967538099,39.9601647847864,married,univ,3
924,1,30,170.019560631607,59.1342591431129,not married,univ,1
925,0,50,153.89596827736,42.9432017932476,not married,high,2
926,1,50,168.441748455085,57.903251285220605,not married,univ,3
927,1,40,165.760668996795,54.658541085395,not married,univ,3
928,1,30,177.25325314494998,65.1516615683383,not married,univ,3
929,0,40,153.603430675175,41.613025128459995,married,middle,2
930,0,20,154.444238529843,46.110312327018605,not married,univ,3
931,1,40,170.823332737729,62.6455102080128,married,univ,3
932,0,40,156.68582091493,45.974416869164706,married,univ,3
933,0,20,158.488993935248,48.37796044707851,not married,univ,3
934,1,30,177.76528899083002,67.9555102495726,married,high,2
935,0,40,160.695347589201,50.828547491812,married,univ,3
936,1,30,171.091679484073,58.9267321943396,not married,high,2
937,0,60,156.24352907501,46.441862883507795,married,high,2
938,0,30,155.86093329902099,44.912091992026205,not married,high,2
939,1,60,179.241826257883,70.1964778604695,married,univ,3
940,0,20,156.377237880931,46.752112605029794,not married,high,2
941,1,50,175.900025098943,65.33746692902899,not married,high,2
942,1,40,170.75756443071,61.9362805731444,not married,univ,3
943,1,50,172.45722019268,63.36164146668679,not married,high,3
944,0,20,157.325776092002,46.23360969716539,not married,middle,2
945,0,50,161.50233909859,50.033582182306496,married,univ,2
946,0,40,156.496880032881,47.48563964850471,married,high,1
947,1,30,169.16989836762102,60.0716206659377,not married,middle,2
948,0,40,155.863958087887,46.973608090153,married,univ,3
949,0,20,149.19889875219,39.2077729940407,not married,univ,2
950,1,50,179.266643473853,67.2005550568563,not married,univ,2
951,0,30,157.621559159377,47.884340098169794,not married,high,3
952,0,40,157.943866860706,48.7987444445901,married,high,2
953,0,50,155.645907726258,44.4824039303759,not married,univ,3
954,0,20,159.81294452894699,49.352795543390705,not married,univ,3
955,0,50,155.127208565489,45.4034952183584,married,univ,3
956,0,30,160.141392593682,49.417625930717,not married,univ,1
957,1,70,166.857273476457,57.231393100343396,married,high,1
958,0,60,152.494289332472,43.3335183880816,married,univ,2
959,0,60,150.28555510657,39.6693496672516,married,univ,3
960,0,40,155.465667849118,44.7955198252019,married,high,2
961,1,40,169.73824277089898,63.9784810553059,married,middle,3
962,0,50,147.633056295738,38.7722681813715,married,high,3
963,1,50,173.729360048105,62.984968773601,not married,univ,3
964,1,60,177.72018617703603,68.2690570543765,married,univ,2
965,0,60,155.209032518308,44.435549233753,married,univ,2
966,0,50,156.79437070524799,47.38472182955,married,high,2
967,1,30,171.313062487027,63.2789139454365,not married,univ,2
968,0,30,156.709377248241,47.1859832537159,not married,middle,2
969,1,20,170.858824754734,62.596608548133496,not married,high,1
970,0,50,157.6575355983,46.6527127199335,married,univ,3
971,1,50,175.406892768974,64.8166443134157,married,univ,2
972,0,50,159.568027113559,48.0859716290132,married,middle,3
973,0,50,158.709961332138,48.0644973595768,not married,high,2
974,0,70,148.951372524231,39.7098320916591,married,univ,2
975,0,40,150.656841004631,41.1890640826745,married,high,2
976,0,30,157.025579569949,47.070268747736705,not married,middle,1
977,1,60,176.95652756339402,64.69646935778621,married,elementary,3
978,1,20,172.60011507612,64.7446955050708,not married,high,1
979,0,30,155.009425308875,43.460251219012,not married,univ,3
980,1,40,175.27518269518902,63.881216905497894,not married,univ,2
981,1,70,171.857307786441,62.5292024668772,married,univ,2
982,1,50,175.63435303145002,65.271163826002,married,univ,3
983,0,60,150.02618423343202,38.9901872196858,married,high,2
984,1,30,174.40737459217098,64.5531633857893,not married,univ,2
985,0,70,153.437505505848,44.1397788743653,married,high,2
986,0,50,156.08464086424,45.46037698215489,married,univ,2
987,0,70,156.75327998142998,47.5814144468964,married,univ,3
988,1,50,166.590928625823,59.9796053348635,married,univ,1
989,1,50,172.163468485646,61.70386240952,not married,middle,2
990,0,40,154.198367050091,44.969433073356,married,univ,1
991,0,40,155.52621828111901,45.6838143886101,married,univ,3
992,1,20,171.498468481609,62.3493934343291,not married,middle,3
993,0,40,154.35534855196101,43.2984983981849,married,univ,3
994,1,20,173.691726047729,60.636784339650795,not married,middle,2
995,1,20,172.080853931633,62.9376997816253,not married,univ,2
996,0,50,154.439922665406,44.4269995928239,married,high,1
997,1,40,174.41125468210097,66.633571830672,not married,high,2
998,1,30,174.381970889599,61.5694716962947,not married,univ,2
999,1,50,173.93273324839802,64.73267058617951,married,elementary,1
